id,correctAnswer
102501,B
102502,D
102503,B
102504,A
102505,C
102506,C
102507,C
102508,C
102509,A
102510,A
102511,A
102512,C
102513,B
102514,C
102515,B
102516,D
102517,C
102518,B
102519,C
102520,A
102521,A
102522,D
102523,C
102524,B
102525,C
102526,A
102527,D
102528,D
102529,C
102530,C
102531,B
102532,B
102533,A
102534,C
102535,D
102536,A
102537,D
102538,A
102539,C
102540,C
102541,B
102542,C
102543,A
102544,C
102545,B
102546,C
102547,A
102548,C
102549,A
102550,A
102551,B
102552,A
102553,D
102554,D
102555,A
102556,B
102557,B
102558,D
102559,B
102560,C
102561,C
102562,A
102563,A
102564,D
102565,D
102566,A
102567,D
102568,B
102569,D
102570,D
102571,B
102572,C
102573,B
102574,C
102575,B
102576,A
102577,C
102578,C
102579,D
102580,D
102581,B
102582,C
102583,B
102584,B
102585,A
102586,D
102587,D
102588,A
102589,B
102590,B
102591,B
102592,D
102593,B
102594,B
102595,A
102596,D
102597,B
102598,D
102599,C
102600,D
102601,A
102602,B
102603,B
102604,C
102605,B
102606,A
102607,D
102608,B
102609,B
102610,C
102611,B
102612,C
102613,C
102614,C
102615,D
102616,A
102617,A
102618,A
102619,C
102620,B
102621,D
102622,C
102623,C
102624,B
102625,B
102626,D
102627,C
102628,B
102629,B
102630,A
102631,B
102632,D
102633,B
102634,D
102635,B
102636,D
102637,C
102638,C
102639,A
102640,D
102641,B
102642,C
102643,B
102644,B
102645,D
102646,B
102647,B
102648,B
102649,A
102650,A
102651,D
102652,B
102653,B
102654,A
102655,D
102656,C
102657,A
102658,A
102659,D
102660,D
102661,D
102662,A
102663,B
102664,D
102665,C
102666,A
102667,B
102668,D
102669,B
102670,B
102671,A
102672,C
102673,A
102674,D
102675,A
102676,A
102677,D
102678,B
102679,A
102680,C
102681,B
102682,A
102683,B
102684,C
102685,A
102686,C
102687,C
102688,D
102689,C
102690,B
102691,C
102692,B
102693,C
102694,B
102695,A
102696,C
102697,B
102698,C
102699,B
102700,A
102701,A
102702,D
102703,A
102704,B
102705,C
102706,C
102707,A
102708,D
102709,B
102710,C
102711,D
102712,C
102713,A
102714,A
102715,C
102716,B
102717,D
102718,C
102719,A
102720,D
102721,D
102722,B
102723,C
102724,D
102725,C
102726,D
102727,D
102728,D
102729,B
102730,D
102731,B
102732,C
102733,C
102734,C
102735,D
102736,A
102737,B
102738,D
102739,B
102740,B
102741,C
102742,D
102743,D
102744,A
102745,A
102746,D
102747,D
102748,B
102749,A
102750,C
102751,B
102752,C
102753,A
102754,C
102755,C
102756,B
102757,A
102758,B
102759,C
102760,D
102761,A
102762,A
102763,D
102764,A
102765,B
102766,D
102767,A
102768,A
102769,B
102770,C
102771,D
102772,C
102773,B
102774,D
102775,B
102776,A
102777,B
102778,D
102779,C
102780,B
102781,D
102782,C
102783,C
102784,D
102785,C
102786,B
102787,C
102788,C
102789,A
102790,A
102791,D
102792,B
102793,B
102794,C
102795,A
102796,B
102797,C
102798,B
102799,A
102800,C
102801,A
102802,B
102803,D
102804,C
102805,B
102806,D
102807,D
102808,D
102809,A
102810,C
102811,A
102812,A
102813,B
102814,A
102815,B
102816,D
102817,A
102818,C
102819,C
102820,C
102821,A
102822,C
102823,C
102824,D
102825,A
102826,A
102827,C
102828,A
102829,D
102830,A
102831,B
102832,B
102833,B
102834,C
102835,D
102836,A
102837,B
102838,B
102839,A
102840,B
102841,B
102842,D
102843,A
102844,B
102845,C
102846,A
102847,C
102848,A
102849,A
102850,A
102851,D
102852,B
102853,C
102854,A
102855,C
102856,D
102857,D
102858,A
102859,C
102860,B
102861,B
102862,A
102863,C
102864,D
102865,D
102866,C
102867,A
102868,A
102869,B
102870,C
102871,B
102872,D
102873,D
102874,D
102875,D
102876,A
102877,D
102878,D
102879,B
102880,C
102881,B
102882,C
102883,B
102884,D
102885,A
102886,D
102887,B
102888,A
102889,B
102890,C
102891,A
102892,B
102893,C
102894,D
102895,D
102896,C
102897,D
102898,C
102899,B
102900,D
102901,A
102902,B
102903,B
102904,D
102905,A
102906,D
102907,B
102908,A
102909,C
102910,B
102911,C
102912,B
102913,D
102914,B
102915,C
102916,B
102917,B
102918,A
102919,B
102920,A
102921,A
102922,A
102923,C
102924,A
102925,C
102926,D
102927,A
102928,C
102929,D
102930,C
102931,C
102932,C
102933,C
102934,A
102935,B
102936,D
102937,A
102938,B
102939,A
102940,B
102941,C
102942,A
102943,D
102944,C
102945,C
102946,D
102947,A
102948,C
102949,C
102950,B
102951,D
102952,D
102953,D
102954,C
102955,C
102956,D
102957,C
102958,C
102959,C
102960,D
102961,A
102962,C
102963,A
102964,A
102965,C
102966,D
102967,C
102968,C
102969,A
102970,C
102971,C
102972,D
102973,B
102974,D
102975,D
102976,D
102977,C
102978,B
102979,D
102980,B
102981,A
102982,A
102983,D
102984,C
102985,B
102986,B
102987,C
102988,C
102989,C
102990,A
102991,C
102992,C
102993,A
102994,B
102995,A
102996,B
102997,C
102998,B
102999,B
103000,D
103001,D
103002,B
103003,D
103004,D
103005,C
103006,B
103007,B
103008,C
103009,A
103010,D
103011,B
103012,A
103013,D
103014,D
103015,C
103016,B
103017,C
103018,A
103019,A
103020,A
103021,B
103022,D
103023,C
103024,A
103025,B
103026,B
103027,D
103028,C
103029,D
103030,C
103031,B
103032,C
103033,C
103034,C
103035,B
103036,C
103037,A
103038,C
103039,A
103040,C
103041,B
103042,A
103043,B
103044,D
103045,B
103046,C
103047,B
103048,C
103049,B
103050,D
103051,A
103052,D
103053,C
103054,C
103055,C
103056,D
103057,B
103058,D
103059,A
103060,C
103061,C
103062,A
103063,C
103064,B
103065,A
103066,A
103067,C
103068,A
103069,D
103070,D
103071,B
103072,A
103073,D
103074,D
103075,C
103076,A
103077,C
103078,D
103079,C
103080,B
103081,D
103082,B
103083,A
103084,A
103085,D
103086,D
103087,A
103088,A
103089,B
103090,C
103091,A
103092,B
103093,B
103094,A
103095,A
103096,D
103097,C
103098,C
103099,B
103100,B
103101,A
103102,A
103103,C
103104,B
103105,D
103106,D
103107,A
103108,C
103109,D
103110,B
103111,B
103112,A
103113,B
103114,A
103115,B
103116,B
103117,B
103118,A
103119,B
103120,B
103121,B
103122,B
103123,B
103124,D
103125,A
103126,C
103127,A
103128,A
103129,A
103130,D
103131,A
103132,D
103133,A
103134,B
103135,C
103136,D
103137,A
103138,B
103139,D
103140,D
103141,A
103142,D
103143,C
103144,A
103145,A
103146,C
103147,A
103148,D
103149,D
103150,B
103151,B
103152,A
103153,B
103154,B
103155,C
103156,D
103157,A
103158,C
103159,D
103160,B
103161,B
103162,C
103163,A
103164,A
103165,C
103166,D
103167,D
103168,B
103169,B
103170,B
103171,B
103172,A
103173,B
103174,B
103175,D
103176,C
103177,C
103178,B
103179,C
103180,D
103181,A
103182,B
103183,A
103184,C
103185,B
103186,A
103187,B
103188,C
103189,A
103190,A
103191,C
103192,D
103193,A
103194,B
103195,C
103196,C
103197,D
103198,C
103199,C
103200,C
103201,A
103202,B
103203,C
103204,C
103205,C
103206,D
103207,D
103208,D
103209,C
103210,A
103211,C
103212,C
103213,D
103214,B
103215,B
103216,C
103217,C
103218,C
103219,B
103220,C
103221,B
103222,C
103223,A
103224,C
103225,C
103226,A
103227,D
103228,B
103229,A
103230,D
103231,D
103232,C
103233,A
103234,A
103235,D
103236,B
103237,D
103238,D
103239,D
103240,B
103241,D
103242,A
103243,A
103244,D
103245,C
103246,C
103247,A
103248,D
103249,B
103250,C
103251,B
103252,C
103253,D
103254,B
103255,B
103256,D
103257,D
103258,B
103259,D
103260,C
103261,B
103262,C
103263,D
103264,A
103265,B
103266,D
103267,D
103268,C
103269,A
103270,B
103271,A
103272,D
103273,A
103274,C
103275,A
103276,C
103277,D
103278,D
103279,A
103280,A
103281,C
103282,B
103283,A
103284,A
103285,A
103286,B
103287,D
103288,B
103289,A
103290,A
103291,C
103292,C
103293,C
103294,D
103295,B
103296,A
103297,C
103298,B
103299,D
103300,D
103301,A
103302,A
103303,B
103304,A
103305,D
103306,A
103307,C
103308,A
103309,D
103310,A
103311,C
103312,B
103313,C
103314,A
103315,A
103316,B
103317,C
103318,B
103319,D
103320,C
103321,C
103322,D
103323,D
103324,D
103325,C
103326,D
103327,D
103328,A
103329,D
103330,C
103331,A
103332,C
103333,B
103334,D
103335,C
103336,D
103337,B
103338,A
103339,C
103340,C
103341,D
103342,A
103343,A
103344,C
103345,C
103346,D
103347,B
103348,A
103349,C
103350,B
103351,A
103352,A
103353,D
103354,A
103355,D
103356,C
103357,C
103358,C
103359,C
103360,C
103361,B
103362,A
103363,D
103364,C
103365,D
103366,B
103367,D
103368,C
103369,D
103370,C
103371,D
103372,C
103373,D
103374,C
103375,A
103376,C
103377,B
103378,B
103379,A
103380,B
103381,D
103382,D
103383,D
103384,D
103385,B
103386,C
103387,C
103388,C
103389,D
103390,C
103391,B
103392,A
103393,C
103394,B
103395,D
103396,C
103397,A
103398,D
103399,C
103400,B
103401,A
103402,B
103403,D
103404,B
103405,A
103406,C
103407,C
103408,C
103409,D
103410,C
103411,C
103412,D
103413,B
103414,A
103415,B
103416,B
103417,C
103418,D
103419,C
103420,A
103421,C
103422,A
103423,B
103424,A
103425,D
103426,D
103427,D
103428,D
103429,D
103430,D
103431,A
103432,A
103433,C
103434,D
103435,A
103436,D
103437,D
103438,D
103439,B
103440,C
103441,A
103442,B
103443,C
103444,B
103445,D
103446,B
103447,A
103448,B
103449,C
103450,C
103451,B
103452,C
103453,D
103454,B
103455,D
103456,A
103457,D
103458,A
103459,B
103460,B
103461,D
103462,C
103463,D
103464,C
103465,B
103466,D
103467,B
103468,B
103469,D
103470,D
103471,D
103472,C
103473,D
103474,A
103475,A
103476,B
103477,A
103478,D
103479,C
103480,B
103481,C
103482,D
103483,B
103484,B
103485,B
103486,C
103487,C
103488,C
103489,D
103490,B
103491,D
103492,C
103493,D
103494,B
103495,C
103496,A
103497,C
103498,D
103499,C
103500,A
103501,B
103502,A
103503,A
103504,C
103505,B
103506,D
103507,B
103508,B
103509,B
103510,C
103511,D
103512,D
103513,A
103514,A
103515,C
103516,C
103517,A
103518,B
103519,C
103520,D
103521,B
103522,A
103523,C
103524,A
103525,D
103526,A
103527,A
103528,C
103529,D
103530,D
103531,A
103532,A
103533,D
103534,D
103535,C
103536,D
103537,C
103538,D
103539,B
103540,A
103541,B
103542,C
103543,B
103544,A
103545,B
103546,D
103547,A
103548,D
103549,D
103550,B
103551,C
103552,B
103553,A
103554,C
103555,A
103556,D
103557,A
103558,C
103559,D
103560,B
103561,D
103562,A
103563,B
103564,D
103565,B
103566,A
103567,B
103568,C
103569,D
103570,D
103571,C
103572,D
103573,A
103574,A
103575,C
103576,A
103577,B
103578,C
103579,B
103580,A
103581,D
103582,D
103583,C
103584,B
103585,D
103586,A
103587,A
103588,C
103589,D
103590,B
103591,B
103592,C
103593,C
103594,B
103595,A
103596,B
103597,C
103598,A
103599,B
103600,D
103601,D
103602,B
103603,D
103604,D
103605,D
103606,B
103607,B
103608,C
103609,B
103610,D
103611,D
103612,C
103613,A
103614,A
103615,D
103616,C
103617,B
103618,B
103619,B
103620,D
103621,C
103622,D
103623,C
103624,B
103625,D
103626,D
103627,D
103628,C
103629,B
103630,C
103631,B
103632,B
103633,D
103634,C
103635,A
103636,A
103637,C
103638,B
103639,A
103640,D
103641,B
103642,A
103643,C
103644,A
103645,A
103646,C
103647,C
103648,B
103649,A
103650,B
103651,B
103652,A
103653,A
103654,D
103655,C
103656,B
103657,D
103658,B
103659,C
103660,D
103661,B
103662,D
103663,D
103664,A
103665,C
103666,A
103667,A
103668,A
103669,D
103670,C
103671,D
103672,D
103673,B
103674,C
103675,C
103676,B
103677,D
103678,B
103679,A
103680,A
103681,A
103682,A
103683,D
103684,A
103685,B
103686,C
103687,C
103688,D
103689,B
103690,C
103691,B
103692,C
103693,A
103694,A
103695,B
103696,B
103697,A
103698,A
103699,C
103700,D
103701,D
103702,B
103703,A
103704,A
103705,A
103706,D
103707,D
103708,B
103709,C
103710,D
103711,B
103712,B
103713,B
103714,A
103715,D
103716,C
103717,B
103718,A
103719,C
103720,C
103721,D
103722,D
103723,B
103724,D
103725,D
103726,D
103727,A
103728,A
103729,C
103730,D
103731,A
103732,B
103733,A
103734,A
103735,D
103736,C
103737,C
103738,D
103739,D
103740,C
103741,C
103742,B
103743,D
103744,D
103745,C
103746,D
103747,B
103748,A
103749,B
103750,D
103751,D
103752,C
103753,D
103754,D
103755,B
103756,A
103757,C
103758,C
103759,C
103760,C
103761,A
103762,A
103763,D
103764,C
103765,A
103766,B
103767,B
103768,B
103769,C
103770,A
103771,B
103772,A
103773,B
103774,A
103775,A
103776,A
103777,A
103778,D
103779,A
103780,C
103781,C
103782,B
103783,B
103784,D
103785,A
103786,C
103787,B
103788,D
103789,B
103790,C
103791,B
103792,B
103793,B
103794,C
103795,A
103796,B
103797,A
103798,D
103799,B
103800,C
103801,B
103802,D
103803,D
103804,B
103805,A
103806,B
103807,B
103808,D
103809,A
103810,A
103811,B
103812,C
103813,B
103814,C
103815,D
103816,B
103817,B
103818,C
103819,A
103820,C
103821,C
103822,A
103823,B
103824,D
103825,A
103826,B
103827,A
103828,B
103829,B
103830,A
103831,A
103832,B
103833,C
103834,B
103835,D
103836,B
103837,C
103838,A
103839,C
103840,A
103841,C
103842,B
103843,A
103844,B
103845,C
103846,D
103847,B
103848,D
103849,C
103850,D
103851,C
103852,C
103853,B
103854,D
103855,B
103856,B
103857,A
103858,A
103859,C
103860,A
103861,B
103862,D
103863,D
103864,C
103865,A
103866,A
103867,D
103868,C
103869,D
103870,B
103871,C
103872,B
103873,B
103874,A
103875,B
103876,D
103877,C
103878,D
103879,C
103880,C
103881,A
103882,C
103883,A
103884,A
103885,C
103886,B
103887,B
103888,C
103889,C
103890,B
103891,D
103892,D
103893,B
103894,B
103895,B
103896,D
103897,B
103898,A
103899,C
103900,C
103901,A
103902,B
103903,A
103904,D
103905,C
103906,A
103907,B
103908,A
103909,B
103910,D
103911,D
103912,A
103913,C
103914,B
103915,C
103916,D
103917,D
103918,C
103919,D
103920,C
103921,B
103922,A
103923,D
103924,B
103925,A
103926,A
103927,B
103928,C
103929,B
103930,A
103931,C
103932,C
103933,C
103934,C
103935,D
103936,A
103937,D
103938,D
103939,D
103940,D
103941,D
103942,C
103943,A
103944,C
103945,B
103946,A
103947,B
103948,A
103949,B
103950,B
103951,C
103952,C
103953,A
103954,B
103955,B
103956,D
103957,C
103958,C
103959,B
103960,A
103961,D
103962,D
103963,D
103964,C
103965,D
103966,B
103967,B
103968,C
103969,A
103970,D
103971,C
103972,C
103973,B
103974,A
103975,A
103976,A
103977,C
103978,B
103979,B
103980,D
103981,A
103982,B
103983,B
103984,C
103985,C
103986,B
103987,C
103988,D
103989,D
103990,C
103991,D
103992,A
103993,D
103994,C
103995,C
103996,B
103997,A
103998,A
103999,B
104000,B
104001,C
104002,A
104003,D
104004,A
104005,B
104006,D
104007,D
104008,C
104009,D
104010,D
104011,D
104012,C
104013,C
104014,B
104015,C
104016,D
104017,B
104018,C
104019,B
104020,C
104021,A
104022,D
104023,C
104024,C
104025,B
104026,D
104027,B
104028,C
104029,D
104030,A
104031,B
104032,D
104033,A
104034,B
104035,D
104036,A
104037,C
104038,B
104039,D
104040,D
104041,B
104042,A
104043,A
104044,C
104045,D
104046,C
104047,D
104048,D
104049,B
104050,A
104051,A
104052,C
104053,A
104054,A
104055,A
104056,D
104057,C
104058,B
104059,A
104060,C
104061,A
104062,D
104063,B
104064,B
104065,B
104066,A
104067,C
104068,A
104069,B
104070,B
104071,C
104072,C
104073,D
104074,B
104075,B
104076,C
104077,D
104078,C
104079,C
104080,D
104081,C
104082,C
104083,A
104084,B
104085,A
104086,C
104087,B
104088,A
104089,B
104090,A
104091,A
104092,A
104093,B
104094,B
104095,A
104096,C
104097,C
104098,D
104099,C
104100,A
104101,C
104102,C
104103,D
104104,D
104105,C
104106,C
104107,D
104108,C
104109,B
104110,A
104111,D
104112,C
104113,C
104114,A
104115,A
104116,D
104117,D
104118,C
104119,A
104120,B
104121,D
104122,B
104123,D
104124,B
104125,B
104126,B
104127,A
104128,C
104129,D
104130,C
104131,A
104132,D
104133,A
104134,A
104135,C
104136,A
104137,A
104138,D
104139,B
104140,B
104141,D
104142,A
104143,C
104144,D
104145,D
104146,D
104147,C
104148,A
104149,D
104150,A
104151,A
104152,B
104153,C
104154,A
104155,B
104156,C
104157,A
104158,B
104159,D
104160,A
104161,D
104162,B
104163,B
104164,B
104165,C
104166,B
104167,C
104168,C
104169,A
104170,A
104171,C
104172,A
104173,D
104174,A
104175,D
104176,C
104177,A
104178,A
104179,C
104180,A
104181,B
104182,C
104183,C
104184,B
104185,D
104186,B
104187,A
104188,D
104189,D
104190,A
104191,C
104192,A
104193,A
104194,B
104195,A
104196,C
104197,D
104198,A
104199,C
104200,A
104201,D
104202,B
104203,B
104204,B
104205,B
104206,A
104207,B
104208,C
104209,A
104210,D
104211,B
104212,B
104213,B
104214,D
104215,D
104216,D
104217,C
104218,B
104219,B
104220,A
104221,B
104222,B
104223,A
104224,C
104225,A
104226,A
104227,C
104228,D
104229,B
104230,A
104231,A
104232,C
104233,C
104234,D
104235,B
104236,B
104237,B
104238,A
104239,C
104240,D
104241,C
104242,D
104243,B
104244,C
104245,B
104246,A
104247,C
104248,C
104249,D
104250,D
104251,B
104252,B
104253,A
104254,A
104255,D
104256,A
104257,B
104258,B
104259,B
104260,D
104261,C
104262,B
104263,D
104264,A
104265,B
104266,D
104267,A
104268,A
104269,C
104270,A
104271,A
104272,B
104273,A
104274,D
104275,D
104276,D
104277,D
104278,A
104279,A
104280,D
104281,C
104282,B
104283,D
104284,B
104285,D
104286,D
104287,B
104288,D
104289,C
104290,B
104291,B
104292,A
104293,C
104294,D
104295,D
104296,D
104297,A
104298,C
104299,A
104300,A
104301,D
104302,A
104303,A
104304,C
104305,A
104306,D
104307,C
104308,D
104309,A
104310,B
104311,A
104312,C
104313,A
104314,C
104315,B
104316,A
104317,D
104318,A
104319,D
104320,C
104321,B
104322,B
104323,B
104324,A
104325,D
104326,C
104327,C
104328,C
104329,A
104330,A
104331,A
104332,B
104333,A
104334,C
104335,D
104336,C
104337,B
104338,B
104339,A
104340,A
104341,B
104342,D
104343,C
104344,A
104345,B
104346,C
104347,B
104348,D
104349,B
104350,A
104351,D
104352,B
104353,C
104354,C
104355,B
104356,B
104357,C
104358,C
104359,D
104360,C
104361,B
104362,B
104363,A
104364,D
104365,C
104366,B
104367,C
104368,C
104369,B
104370,D
104371,A
104372,B
104373,D
104374,B
104375,B
104376,D
104377,C
104378,D
104379,C
104380,A
104381,B
104382,B
104383,C
104384,A
104385,C
104386,A
104387,B
104388,B
104389,C
104390,D
104391,A
104392,B
104393,D
104394,D
104395,D
104396,A
104397,A
104398,A
104399,A
104400,D
104401,B
104402,C
104403,A
104404,C
104405,B
104406,B
104407,A
104408,A
104409,D
104410,D
104411,D
104412,B
104413,B
104414,A
104415,B
104416,A
104417,D
104418,C
104419,B
104420,D
104421,D
104422,A
104423,D
104424,C
104425,A
104426,C
104427,B
104428,B
104429,C
104430,B
104431,C
104432,A
104433,D
104434,A
104435,B
104436,C
104437,C
104438,D
104439,A
104440,D
104441,B
104442,B
104443,D
104444,D
104445,D
104446,C
104447,B
104448,B
104449,A
104450,C
104451,C
104452,D
104453,B
104454,B
104455,C
104456,A
104457,B
104458,D
104459,B
104460,D
104461,D
104462,D
104463,A
104464,D
104465,B
104466,D
104467,D
104468,A
104469,A
104470,D
104471,B
104472,C
104473,C
104474,A
104475,A
104476,A
104477,D
104478,D
104479,C
104480,A
104481,B
104482,A
104483,D
104484,D
104485,D
104486,C
104487,D
104488,D
104489,B
104490,C
104491,C
104492,B
104493,A
104494,C
104495,A
104496,C
104497,C
104498,B
104499,D
104500,B
104501,C
104502,D
104503,A
104504,B
104505,C
104506,D
104507,D
104508,B
104509,C
104510,B
104511,C
104512,D
104513,D
104514,B
104515,D
104516,C
104517,D
104518,B
104519,B
104520,B
104521,A
104522,B
104523,D
104524,D
104525,A
104526,D
104527,B
104528,A
104529,A
104530,B
104531,C
104532,A
104533,B
104534,A
104535,C
104536,B
104537,A
104538,D
104539,D
104540,C
104541,D
104542,B
104543,A
104544,C
104545,B
104546,B
104547,D
104548,D
104549,D
104550,A
104551,D
104552,B
104553,D
104554,A
104555,D
104556,A
104557,B
104558,B
104559,D
104560,C
104561,C
104562,B
104563,B
104564,A
104565,B
104566,A
104567,B
104568,A
104569,B
104570,C
104571,A
104572,B
104573,C
104574,A
104575,C
104576,B
104577,B
104578,A
104579,B
104580,C
104581,C
104582,B
104583,C
104584,D
104585,A
104586,C
104587,C
104588,B
104589,B
104590,A
104591,A
104592,D
104593,A
104594,B
104595,D
104596,D
104597,A
104598,B
104599,A
104600,A
104601,A
104602,D
104603,D
104604,C
104605,D
104606,A
104607,B
104608,D
104609,D
104610,C
104611,D
104612,B
104613,B
104614,A
104615,D
104616,A
104617,D
104618,A
104619,D
104620,D
104621,B
104622,C
104623,A
104624,A
104625,B
104626,D
104627,C
104628,A
104629,B
104630,B
104631,D
104632,B
104633,A
104634,D
104635,C
104636,A
104637,C
104638,C
104639,A
104640,B
104641,B
104642,B
104643,D
104644,C
104645,A
104646,A
104647,A
104648,D
104649,C
104650,C
104651,C
104652,D
104653,D
104654,C
104655,B
104656,B
104657,C
104658,B
104659,D
104660,A
104661,B
104662,A
104663,C
104664,B
104665,D
104666,A
104667,B
104668,C
104669,C
104670,B
104671,B
104672,A
104673,A
104674,D
104675,D
104676,C
104677,B
104678,B
104679,B
104680,D
104681,B
104682,D
104683,A
104684,C
104685,D
104686,B
104687,A
104688,A
104689,D
104690,A
104691,D
104692,C
104693,B
104694,B
104695,B
104696,A
104697,C
104698,C
104699,A
104700,B
104701,A
104702,A
104703,D
104704,C
104705,D
104706,C
104707,D
104708,D
104709,D
104710,A
104711,B
104712,C
104713,D
104714,B
104715,D
104716,A
104717,A
104718,C
104719,D
104720,D
104721,C
104722,C
104723,A
104724,D
104725,D
104726,A
104727,D
104728,A
104729,A
104730,D
104731,A
104732,A
104733,C
104734,A
104735,B
104736,A
104737,D
104738,B
104739,A
104740,A
104741,C
104742,D
104743,A
104744,D
104745,A
104746,A
104747,D
104748,D
104749,B
104750,B
104751,B
104752,D
104753,D
104754,B
104755,B
104756,A
104757,B
104758,D
104759,D
104760,A
104761,B
104762,B
104763,D
104764,C
104765,B
104766,A
104767,C
104768,D
104769,C
104770,C
104771,C
104772,D
104773,B
104774,C
104775,B
104776,D
104777,D
104778,A
104779,C
104780,D
104781,C
104782,D
104783,B
104784,D
104785,A
104786,D
104787,A
104788,C
104789,D
104790,D
104791,C
104792,C
104793,B
104794,D
104795,D
104796,B
104797,A
104798,C
104799,D
104800,A
104801,B
104802,C
104803,C
104804,A
104805,D
104806,A
104807,C
104808,A
104809,D
104810,A
104811,D
104812,D
104813,C
104814,A
104815,A
104816,C
104817,A
104818,D
104819,C
104820,D
104821,A
104822,C
104823,A
104824,A
104825,B
104826,D
104827,C
104828,A
104829,A
104830,A
104831,C
104832,C
104833,C
104834,A
104835,D
104836,A
104837,C
104838,A
104839,D
104840,C
104841,B
104842,B
104843,A
104844,A
104845,A
104846,A
104847,C
104848,A
104849,C
104850,D
104851,B
104852,C
104853,A
104854,C
104855,C
104856,B
104857,A
104858,C
104859,A
104860,A
104861,B
104862,B
104863,D
104864,C
104865,D
104866,A
104867,C
104868,C
104869,B
104870,D
104871,A
104872,D
104873,D
104874,A
104875,B
104876,D
104877,D
104878,B
104879,B
104880,C
104881,D
104882,A
104883,D
104884,B
104885,B
104886,C
104887,A
104888,A
104889,C
104890,B
104891,B
104892,D
104893,D
104894,B
104895,C
104896,C
104897,D
104898,A
104899,A
104900,D
104901,C
104902,B
104903,C
104904,A
104905,D
104906,D
104907,C
104908,C
104909,C
104910,C
104911,A
104912,D
104913,D
104914,D
104915,C
104916,C
104917,A
104918,A
104919,D
104920,D
104921,D
104922,D
104923,D
104924,C
104925,B
104926,D
104927,B
104928,C
104929,A
104930,A
104931,C
104932,C
104933,D
104934,C
104935,B
104936,D
104937,C
104938,B
104939,A
104940,C
104941,A
104942,D
104943,A
104944,B
104945,A
104946,B
104947,C
104948,D
104949,B
104950,C
104951,D
104952,B
104953,B
104954,D
104955,A
104956,B
104957,B
104958,D
104959,B
104960,A
104961,B
104962,D
104963,D
104964,B
104965,B
104966,A
104967,A
104968,C
104969,A
104970,D
104971,B
104972,A
104973,C
104974,D
104975,A
104976,D
104977,B
104978,D
104979,B
104980,D
104981,C
104982,B
104983,C
104984,C
104985,B
104986,D
104987,D
104988,A
104989,C
104990,A
104991,A
104992,B
104993,D
104994,A
104995,A
104996,A
104997,B
104998,A
104999,A
105000,C
105001,C
105002,B
105003,A
105004,C
105005,D
105006,D
105007,D
105008,D
105009,C
105010,A
105011,D
105012,C
105013,B
105014,A
105015,D
105016,B
105017,B
105018,D
105019,D
105020,C
105021,A
105022,D
105023,C
105024,C
105025,C
105026,B
105027,C
105028,C
105029,D
105030,B
105031,D
105032,A
105033,A
105034,D
105035,A
105036,D
105037,C
105038,A
105039,A
105040,A
105041,C
105042,B
105043,B
105044,D
105045,A
105046,C
105047,B
105048,B
105049,A
105050,B
105051,B
105052,C
105053,C
105054,D
105055,A
105056,C
105057,D
105058,B
105059,C
105060,C
105061,B
105062,A
105063,D
105064,A
105065,A
105066,C
105067,C
105068,A
105069,C
105070,D
105071,A
105072,A
105073,A
105074,B
105075,A
105076,C
105077,D
105078,D
105079,C
105080,A
105081,D
105082,D
105083,B
105084,A
105085,C
105086,B
105087,D
105088,B
105089,A
105090,D
105091,D
105092,B
105093,C
105094,D
105095,C
105096,C
105097,D
105098,D
105099,D
105100,C
105101,C
105102,C
105103,A
105104,D
105105,A
105106,C
105107,A
105108,C
105109,D
105110,B
105111,D
105112,C
105113,A
105114,B
105115,B
105116,B
105117,D
105118,B
105119,D
105120,A
105121,A
105122,B
105123,A
105124,A
105125,A
105126,A
105127,B
105128,A
105129,B
105130,C
105131,B
105132,D
105133,A
105134,B
105135,C
105136,B
105137,A
105138,C
105139,B
105140,B
105141,C
105142,B
105143,C
105144,D
105145,A
105146,C
105147,D
105148,C
105149,B
105150,A
105151,D
105152,D
105153,C
105154,B
105155,C
105156,C
105157,C
105158,A
105159,D
105160,A
105161,D
105162,C
105163,D
105164,C
105165,B
105166,B
105167,B
105168,A
105169,B
105170,A
105171,D
105172,C
105173,B
105174,A
105175,A
105176,C
105177,C
105178,A
105179,B
105180,C
105181,D
105182,C
105183,B
105184,C
105185,A
105186,C
105187,C
105188,A
105189,D
105190,A
105191,C
105192,C
105193,B
105194,C
105195,C
105196,D
105197,C
105198,A
105199,D
105200,B
105201,C
105202,B
105203,C
105204,D
105205,D
105206,C
105207,A
105208,A
105209,A
105210,C
105211,C
105212,D
105213,A
105214,A
105215,C
105216,D
105217,B
105218,C
105219,B
105220,C
105221,C
105222,D
105223,C
105224,C
105225,D
105226,B
105227,B
105228,A
105229,B
105230,B
105231,D
105232,C
105233,C
105234,C
105235,A
105236,D
105237,C
105238,C
105239,A
105240,D
105241,C
105242,D
105243,B
105244,D
105245,B
105246,B
105247,A
105248,D
105249,C
105250,A
105251,D
105252,A
105253,A
105254,B
105255,D
105256,A
105257,A
105258,B
105259,A
105260,B
105261,B
105262,B
105263,A
105264,D
105265,A
105266,C
105267,D
105268,D
105269,B
105270,A
105271,A
105272,D
105273,C
105274,D
105275,B
105276,A
105277,C
105278,B
105279,D
105280,B
105281,A
105282,A
105283,C
105284,B
105285,C
105286,C
105287,D
105288,A
105289,D
105290,C
105291,D
105292,C
105293,D
105294,D
105295,D
105296,A
105297,A
105298,C
105299,C
105300,C
105301,B
105302,C
105303,D
105304,B
105305,C
105306,A
105307,D
105308,B
105309,B
105310,C
105311,A
105312,C
105313,C
105314,A
105315,D
105316,A
105317,C
105318,C
105319,D
105320,B
105321,A
105322,B
105323,D
105324,A
105325,B
105326,C
105327,D
105328,B
105329,C
105330,C
105331,A
105332,A
105333,D
105334,D
105335,C
105336,B
105337,B
105338,A
105339,C
105340,D
105341,B
105342,C
105343,B
105344,A
105345,C
105346,B
105347,C
105348,A
105349,A
105350,D
105351,B
105352,A
105353,D
105354,D
105355,D
105356,B
105357,B
105358,B
105359,C
105360,C
105361,D
105362,A
105363,A
105364,A
105365,B
105366,D
105367,D
105368,A
105369,B
105370,A
105371,D
105372,D
105373,B
105374,B
105375,C
105376,B
105377,C
105378,A
105379,D
105380,C
105381,B
105382,B
105383,D
105384,C
105385,D
105386,B
105387,B
105388,D
105389,C
105390,A
105391,C
105392,B
105393,D
105394,C
105395,B
105396,D
105397,B
105398,C
105399,B
105400,D
105401,C
105402,D
105403,B
105404,D
105405,C
105406,D
105407,C
105408,C
105409,B
105410,D
105411,D
105412,B
105413,C
105414,A
105415,C
105416,A
105417,C
105418,C
105419,C
105420,C
105421,B
105422,A
105423,B
105424,B
105425,D
105426,A
105427,B
105428,C
105429,D
105430,C
105431,A
105432,D
105433,A
105434,B
105435,B
105436,C
105437,D
105438,C
105439,C
105440,A
105441,B
105442,C
105443,C
105444,A
105445,B
105446,C
105447,D
105448,C
105449,D
105450,D
105451,B
105452,C
105453,A
105454,C
105455,D
105456,C
105457,A
105458,A
105459,D
105460,B
105461,B
105462,C
105463,C
105464,B
105465,C
105466,C
105467,C
105468,A
105469,D
105470,A
105471,B
105472,B
105473,C
105474,A
105475,D
105476,B
105477,C
105478,B
105479,A
105480,C
105481,D
105482,C
105483,B
105484,B
105485,D
105486,B
105487,A
105488,A
105489,B
105490,D
105491,B
105492,B
105493,D
105494,B
105495,C
105496,C
105497,B
105498,B
105499,A
105500,C
105501,C
105502,B
105503,B
105504,A
105505,D
105506,B
105507,D
105508,A
105509,C
105510,D
105511,B
105512,C
105513,A
105514,B
105515,C
105516,D
105517,A
105518,A
105519,C
105520,C
105521,A
105522,D
105523,D
105524,B
105525,D
105526,A
105527,C
105528,A
105529,A
105530,A
105531,A
105532,D
105533,A
105534,D
105535,B
105536,D
105537,B
105538,B
105539,C
105540,A
105541,A
105542,B
105543,D
105544,D
105545,A
105546,C
105547,B
105548,D
105549,C
105550,A
105551,A
105552,C
105553,D
105554,D
105555,D
105556,C
105557,D
105558,B
105559,A
105560,D
105561,A
105562,C
105563,A
105564,B
105565,A
105566,C
105567,B
105568,D
105569,C
105570,B
105571,D
105572,B
105573,B
105574,D
105575,D
105576,C
105577,B
105578,D
105579,C
105580,A
105581,A
105582,D
105583,A
105584,C
105585,A
105586,A
105587,C
105588,C
105589,A
105590,C
105591,B
105592,D
105593,A
105594,D
105595,A
105596,B
105597,B
105598,D
105599,B
105600,C
105601,C
105602,C
105603,A
105604,A
105605,D
105606,B
105607,A
105608,B
105609,B
105610,A
105611,B
105612,D
105613,B
105614,C
105615,D
105616,B
105617,B
105618,A
105619,C
105620,D
105621,A
105622,A
105623,C
105624,B
105625,A
105626,B
105627,D
105628,D
105629,D
105630,D
105631,C
105632,C
105633,B
105634,D
105635,B
105636,A
105637,B
105638,C
105639,A
105640,C
105641,C
105642,A
105643,A
105644,C
105645,D
105646,D
105647,A
105648,B
105649,B
105650,D
105651,C
105652,B
105653,A
105654,D
105655,B
105656,B
105657,B
105658,B
105659,D
105660,A
105661,B
105662,A
105663,B
105664,D
105665,A
105666,B
105667,A
105668,D
105669,B
105670,C
105671,A
105672,B
105673,B
105674,D
105675,C
105676,B
105677,A
105678,B
105679,B
105680,C
105681,A
105682,B
105683,C
105684,C
105685,A
105686,D
105687,D
105688,B
105689,C
105690,C
105691,A
105692,B
105693,C
105694,B
105695,B
105696,D
105697,D
105698,D
105699,C
105700,A
105701,A
105702,A
105703,A
105704,B
105705,C
105706,A
105707,B
105708,B
105709,C
105710,A
105711,C
105712,C
105713,A
105714,B
105715,A
105716,B
105717,D
105718,B
105719,D
105720,B
105721,B
105722,A
105723,B
105724,D
105725,A
105726,B
105727,C
105728,D
105729,C
105730,A
105731,A
105732,A
105733,A
105734,D
105735,B
105736,A
105737,C
105738,A
105739,C
105740,D
105741,A
105742,D
105743,A
105744,A
105745,A
105746,B
105747,A
105748,D
105749,B
105750,D
105751,C
105752,C
105753,C
105754,C
105755,A
105756,D
105757,A
105758,D
105759,B
105760,B
105761,B
105762,B
105763,D
105764,C
105765,A
105766,D
105767,C
105768,A
105769,D
105770,D
105771,D
105772,B
105773,B
105774,A
105775,B
105776,B
105777,C
105778,B
105779,B
105780,A
105781,B
105782,A
105783,B
105784,D
105785,A
105786,D
105787,B
105788,A
105789,C
105790,D
105791,D
105792,D
105793,C
105794,D
105795,D
105796,A
105797,B
105798,A
105799,C
105800,C
105801,A
105802,D
105803,A
105804,B
105805,A
105806,D
105807,D
105808,A
105809,D
105810,B
105811,C
105812,A
105813,B
105814,D
105815,C
105816,C
105817,B
105818,D
105819,B
105820,C
105821,A
105822,C
105823,C
105824,D
105825,B
105826,C
105827,A
105828,A
105829,D
105830,C
105831,C
105832,D
105833,A
105834,C
105835,A
105836,A
105837,D
105838,B
105839,C
105840,A
105841,C
105842,D
105843,A
105844,C
105845,B
105846,D
105847,D
105848,C
105849,D
105850,B
105851,D
105852,B
105853,D
105854,A
105855,A
105856,A
105857,B
105858,C
105859,C
105860,C
105861,D
105862,D
105863,A
105864,D
105865,A
105866,D
105867,A
105868,B
105869,C
105870,B
105871,A
105872,D
105873,C
105874,B
105875,C
105876,D
105877,A
105878,D
105879,B
105880,D
105881,D
105882,D
105883,D
105884,D
105885,C
105886,A
105887,D
105888,A
105889,A
105890,B
105891,C
105892,C
105893,C
105894,C
105895,C
105896,A
105897,B
105898,D
105899,A
105900,A
105901,C
105902,B
105903,A
105904,D
105905,B
105906,A
105907,A
105908,A
105909,C
105910,C
105911,D
105912,A
105913,B
105914,A
105915,B
105916,B
105917,D
105918,A
105919,A
105920,B
105921,D
105922,A
105923,D
105924,A
105925,B
105926,A
105927,D
105928,D
105929,C
105930,D
105931,B
105932,B
105933,D
105934,D
105935,B
105936,D
105937,D
105938,C
105939,A
105940,C
105941,A
105942,D
105943,C
105944,B
105945,C
105946,B
105947,D
105948,B
105949,B
105950,A
105951,A
105952,D
105953,D
105954,C
105955,D
105956,A
105957,B
105958,B
105959,A
105960,D
105961,A
105962,B
105963,A
105964,B
105965,A
105966,A
105967,D
105968,A
105969,B
105970,D
105971,C
105972,D
105973,B
105974,B
105975,A
105976,B
105977,B
105978,C
105979,D
105980,B
105981,B
105982,A
105983,C
105984,B
105985,C
105986,A
105987,B
105988,A
105989,B
105990,A
105991,B
105992,C
105993,A
105994,A
105995,A
105996,B
105997,D
105998,D
105999,A
106000,C
106001,A
106002,B
106003,D
106004,B
106005,C
106006,B
106007,D
106008,A
106009,A
106010,B
106011,A
106012,D
106013,C
106014,D
106015,B
106016,B
106017,C
106018,B
106019,B
106020,A
106021,C
106022,B
106023,C
106024,C
106025,A
106026,A
106027,B
106028,C
106029,D
106030,C
106031,C
106032,C
106033,D
106034,B
106035,D
106036,C
106037,D
106038,C
106039,B
106040,B
106041,C
106042,C
106043,C
106044,A
106045,D
106046,C
106047,B
106048,A
106049,B
106050,C
106051,D
106052,B
106053,D
106054,D
106055,A
106056,C
106057,A
106058,C
106059,C
106060,A
106061,D
106062,C
106063,B
106064,B
106065,C
106066,C
106067,C
106068,C
106069,C
106070,D
106071,C
106072,D
106073,A
106074,A
106075,A
106076,A
106077,A
106078,C
106079,B
106080,A
106081,A
106082,D
106083,A
106084,D
106085,C
106086,C
106087,D
106088,C
106089,B
106090,B
106091,B
106092,D
106093,A
106094,A
106095,C
106096,A
106097,B
106098,A
106099,B
106100,D
106101,A
106102,A
106103,D
106104,A
106105,C
106106,C
106107,D
106108,A
106109,D
106110,C
106111,A
106112,D
106113,B
106114,C
106115,A
106116,B
106117,B
106118,C
106119,B
106120,A
106121,A
106122,B
106123,A
106124,A
106125,D
106126,A
106127,D
106128,C
106129,C
106130,D
106131,D
106132,B
106133,B
106134,A
106135,D
106136,C
106137,A
106138,C
106139,B
106140,C
106141,C
106142,C
106143,A
106144,A
106145,C
106146,B
106147,C
106148,B
106149,D
106150,B
106151,C
106152,C
106153,B
106154,A
106155,C
106156,C
106157,C
106158,C
106159,A
106160,D
106161,C
106162,A
106163,C
106164,D
106165,C
106166,D
106167,B
106168,C
106169,D
106170,C
106171,A
106172,A
106173,D
106174,A
106175,C
106176,A
106177,A
106178,D
106179,D
106180,D
106181,D
106182,A
106183,C
106184,A
106185,A
106186,B
106187,A
106188,D
106189,D
106190,B
106191,A
106192,B
106193,B
106194,B
106195,A
106196,A
106197,C
106198,D
106199,B
106200,B
106201,B
106202,A
106203,D
106204,A
106205,C
106206,A
106207,C
106208,C
106209,D
106210,B
106211,B
106212,D
106213,A
106214,B
106215,C
106216,D
106217,A
106218,B
106219,C
106220,A
106221,A
106222,D
106223,C
106224,A
106225,A
106226,A
106227,D
106228,B
106229,C
106230,C
106231,A
106232,B
106233,D
106234,A
106235,D
106236,C
106237,B
106238,D
106239,B
106240,B
106241,C
106242,D
106243,A
106244,C
106245,D
106246,D
106247,A
106248,D
106249,A
106250,C
106251,A
106252,C
106253,A
106254,A
106255,B
106256,B
106257,A
106258,B
106259,A
106260,A
106261,C
106262,B
106263,A
106264,D
106265,B
106266,D
106267,D
106268,A
106269,A
106270,B
106271,B
106272,A
106273,B
106274,B
106275,C
106276,D
106277,B
106278,C
106279,D
106280,A
106281,A
106282,D
106283,D
106284,D
106285,B
106286,B
106287,A
106288,D
106289,B
106290,B
106291,A
106292,A
106293,C
106294,A
106295,B
106296,D
106297,D
106298,B
106299,D
106300,D
106301,A
106302,D
106303,B
106304,D
106305,A
106306,C
106307,B
106308,C
106309,D
106310,C
106311,C
106312,B
106313,B
106314,C
106315,C
106316,D
106317,B
106318,A
106319,D
106320,A
106321,B
106322,A
106323,A
106324,B
106325,C
106326,D
106327,C
106328,C
106329,A
106330,D
106331,B
106332,C
106333,B
106334,A
106335,B
106336,D
106337,A
106338,A
106339,D
106340,B
106341,C
106342,A
106343,B
106344,B
106345,A
106346,A
106347,C
106348,B
106349,D
106350,C
106351,D
106352,B
106353,C
106354,A
106355,A
106356,D
106357,B
106358,C
106359,D
106360,B
106361,A
106362,C
106363,D
106364,C
106365,D
106366,A
106367,B
106368,D
106369,C
106370,D
106371,A
106372,D
106373,A
106374,A
106375,C
106376,A
106377,A
106378,C
106379,D
106380,C
106381,B
106382,A
106383,C
106384,B
106385,C
106386,C
106387,C
106388,C
106389,C
106390,C
106391,B
106392,C
106393,C
106394,D
106395,D
106396,A
106397,C
106398,A
106399,C
106400,C
106401,B
106402,A
106403,C
106404,A
106405,B
106406,B
106407,C
106408,A
106409,D
106410,C
106411,C
106412,C
106413,D
106414,D
106415,A
106416,D
106417,B
106418,C
106419,D
106420,D
106421,A
106422,A
106423,A
106424,B
106425,A
106426,C
106427,C
106428,D
106429,B
106430,D
106431,A
106432,D
106433,D
106434,D
106435,D
106436,D
106437,A
106438,A
106439,D
106440,A
106441,C
106442,A
106443,A
106444,D
106445,B
106446,A
106447,B
106448,A
106449,A
106450,B
106451,D
106452,B
106453,A
106454,A
106455,D
106456,B
106457,D
106458,C
106459,A
106460,C
106461,B
106462,A
106463,B
106464,C
106465,B
106466,A
106467,A
106468,C
106469,A
106470,A
106471,A
106472,C
106473,C
106474,A
106475,B
106476,B
106477,D
106478,C
106479,B
106480,B
106481,B
106482,A
106483,D
106484,A
106485,C
106486,B
106487,A
106488,C
106489,B
106490,A
106491,C
106492,A
106493,A
106494,B
106495,B
106496,B
106497,D
106498,A
106499,B
106500,B
106501,D
106502,A
106503,B
106504,D
106505,C
106506,C
106507,B
106508,D
106509,A
106510,C
106511,B
106512,C
106513,C
106514,B
106515,C
106516,C
106517,D
106518,C
106519,A
106520,C
106521,A
106522,A
106523,D
106524,D
106525,C
106526,B
106527,B
106528,B
106529,B
106530,D
106531,C
106532,C
106533,A
106534,A
106535,D
106536,C
106537,C
106538,C
106539,A
106540,D
106541,D
106542,C
106543,C
106544,A
106545,B
106546,C
106547,D
106548,C
106549,B
106550,C
106551,C
106552,D
106553,D
106554,D
106555,A
106556,D
106557,A
106558,C
106559,C
106560,D
106561,A
106562,D
106563,A
106564,A
106565,A
106566,B
106567,A
106568,B
106569,B
106570,A
106571,D
106572,D
106573,D
106574,C
106575,A
106576,A
106577,C
106578,A
106579,C
106580,D
106581,B
106582,A
106583,B
106584,B
106585,A
106586,D
106587,C
106588,D
106589,C
106590,D
106591,B
106592,C
106593,A
106594,D
106595,D
106596,D
106597,D
106598,A
106599,B
106600,D
106601,A
106602,D
106603,A
106604,B
106605,B
106606,B
106607,C
106608,A
106609,A
106610,B
106611,B
106612,D
106613,D
106614,B
106615,A
106616,A
106617,D
106618,C
106619,C
106620,D
106621,D
106622,C
106623,A
106624,D
106625,B
106626,A
106627,C
106628,D
106629,A
106630,D
106631,B
106632,D
106633,B
106634,C
106635,C
106636,C
106637,B
106638,B
106639,C
106640,B
106641,B
106642,A
106643,B
106644,B
106645,C
106646,D
106647,B
106648,C
106649,B
106650,C
106651,B
106652,B
106653,C
106654,A
106655,D
106656,B
106657,B
106658,B
106659,C
106660,A
106661,C
106662,D
106663,C
106664,B
106665,B
106666,A
106667,D
106668,D
106669,B
106670,B
106671,D
106672,D
106673,A
106674,D
106675,B
106676,D
106677,D
106678,C
106679,B
106680,D
106681,A
106682,A
106683,B
106684,B
106685,D
106686,A
106687,C
106688,D
106689,A
106690,A
106691,B
106692,B
106693,C
106694,A
106695,C
106696,A
106697,D
106698,B
106699,B
106700,A
106701,B
106702,D
106703,D
106704,A
106705,A
106706,C
106707,D
106708,D
106709,A
106710,C
106711,C
106712,A
106713,A
106714,C
106715,B
106716,D
106717,A
106718,A
106719,B
106720,A
106721,A
106722,A
106723,C
106724,B
106725,D
106726,B
106727,B
106728,D
106729,B
106730,B
106731,A
106732,D
106733,B
106734,D
106735,D
106736,A
106737,B
106738,C
106739,D
106740,D
106741,C
106742,D
106743,C
106744,D
106745,A
106746,A
106747,D
106748,C
106749,D
106750,C
106751,C
106752,A
106753,C
106754,D
106755,A
106756,A
106757,D
106758,A
106759,A
106760,C
106761,C
106762,C
106763,A
106764,C
106765,A
106766,C
106767,A
106768,C
106769,A
106770,D
106771,C
106772,D
106773,B
106774,A
106775,B
106776,C
106777,B
106778,B
106779,A
106780,C
106781,A
106782,B
106783,A
106784,D
106785,B
106786,D
106787,B
106788,C
106789,B
106790,C
106791,B
106792,A
106793,D
106794,B
106795,D
106796,C
106797,A
106798,B
106799,D
106800,D
106801,D
106802,B
106803,B
106804,B
106805,C
106806,D
106807,B
106808,B
106809,D
106810,B
106811,B
106812,B
106813,A
106814,D
106815,B
106816,B
106817,A
106818,D
106819,B
106820,A
106821,B
106822,D
106823,A
106824,C
106825,D
106826,D
106827,B
106828,A
106829,D
106830,B
106831,B
106832,C
106833,B
106834,D
106835,C
106836,C
106837,D
106838,A
106839,A
106840,D
106841,A
106842,A
106843,D
106844,A
106845,B
106846,D
106847,B
106848,B
106849,D
106850,C
106851,D
106852,C
106853,A
106854,B
106855,C
106856,B
106857,A
106858,A
106859,D
106860,D
106861,D
106862,B
106863,C
106864,D
106865,C
106866,B
106867,B
106868,A
106869,A
106870,B
106871,C
106872,A
106873,C
106874,D
106875,A
106876,C
106877,A
106878,A
106879,D
106880,B
106881,B
106882,B
106883,B
106884,C
106885,B
106886,C
106887,C
106888,D
106889,B
106890,A
106891,B
106892,D
106893,D
106894,D
106895,D
106896,B
106897,C
106898,B
106899,A
106900,B
106901,A
106902,D
106903,B
106904,D
106905,D
106906,D
106907,D
106908,D
106909,C
106910,D
106911,C
106912,C
106913,D
106914,A
106915,B
106916,C
106917,A
106918,B
106919,B
106920,B
106921,D
106922,B
106923,C
106924,D
106925,A
106926,C
106927,C
106928,D
106929,A
106930,C
106931,A
106932,C
106933,A
106934,D
106935,C
106936,D
106937,A
106938,A
106939,C
106940,A
106941,D
106942,C
106943,C
106944,B
106945,A
106946,C
106947,C
106948,B
106949,A
106950,B
106951,B
106952,C
106953,D
106954,A
106955,B
106956,D
106957,A
106958,C
106959,C
106960,C
106961,B
106962,B
106963,D
106964,C
106965,B
106966,C
106967,A
106968,D
106969,B
106970,C
106971,D
106972,D
106973,D
106974,C
106975,C
106976,D
106977,A
106978,C
106979,D
106980,B
106981,D
106982,A
106983,A
106984,D
106985,B
106986,A
106987,A
106988,A
106989,B
106990,C
106991,D
106992,B
106993,B
106994,D
106995,B
106996,D
106997,C
106998,D
106999,A
107000,B
107001,C
107002,A
107003,D
107004,B
107005,A
107006,D
107007,B
107008,B
107009,D
107010,D
107011,A
107012,D
107013,C
107014,B
107015,A
107016,B
107017,D
107018,A
107019,C
107020,D
107021,A
107022,C
107023,B
107024,B
107025,A
107026,C
107027,D
107028,D
107029,B
107030,C
107031,A
107032,C
107033,C
107034,B
107035,A
107036,A
107037,C
107038,A
107039,C
107040,D
107041,D
107042,D
107043,B
107044,D
107045,D
107046,D
107047,A
107048,A
107049,D
107050,A
107051,B
107052,C
107053,C
107054,B
107055,C
107056,B
107057,A
107058,B
107059,B
107060,C
107061,A
107062,B
107063,A
107064,C
107065,B
107066,C
107067,A
107068,B
107069,D
107070,B
107071,A
107072,C
107073,D
107074,C
107075,D
107076,A
107077,D
107078,A
107079,D
107080,A
107081,C
107082,A
107083,A
107084,C
107085,B
107086,C
107087,D
107088,C
107089,B
107090,D
107091,A
107092,B
107093,C
107094,C
107095,B
107096,B
107097,A
107098,D
107099,A
107100,B
107101,B
107102,A
107103,D
107104,A
107105,C
107106,D
107107,B
107108,B
107109,A
107110,D
107111,D
107112,B
107113,D
107114,D
107115,D
107116,B
107117,A
107118,D
107119,C
107120,C
107121,C
107122,A
107123,A
107124,A
107125,B
107126,C
107127,B
107128,B
107129,C
107130,B
107131,C
107132,C
107133,D
107134,A
107135,B
107136,B
107137,B
107138,B
107139,A
107140,C
107141,D
107142,C
107143,D
107144,D
107145,D
107146,A
107147,A
107148,B
107149,C
107150,D
107151,B
107152,D
107153,B
107154,D
107155,C
107156,A
107157,C
107158,B
107159,D
107160,C
107161,B
107162,C
107163,D
107164,B
107165,D
107166,A
107167,D
107168,B
107169,D
107170,B
107171,B
107172,D
107173,A
107174,D
107175,B
107176,B
107177,B
107178,D
107179,B
107180,D
107181,A
107182,C
107183,C
107184,B
107185,A
107186,A
107187,B
107188,D
107189,C
107190,B
107191,D
107192,A
107193,C
107194,B
107195,B
107196,D
107197,D
107198,B
107199,B
107200,C
107201,C
107202,D
107203,D
107204,D
107205,B
107206,B
107207,A
107208,C
107209,B
107210,A
107211,C
107212,A
107213,B
107214,D
107215,D
107216,B
107217,D
107218,D
107219,B
107220,C
107221,B
107222,B
107223,A
107224,D
107225,C
107226,B
107227,D
107228,B
107229,C
107230,B
107231,C
107232,C
107233,B
107234,C
107235,A
107236,C
107237,A
107238,B
107239,C
107240,A
107241,D
107242,C
107243,A
107244,D
107245,D
107246,B
107247,B
107248,B
107249,A
107250,D
107251,C
107252,B
107253,A
107254,D
107255,C
107256,D
107257,B
107258,A
107259,A
107260,C
107261,C
107262,D
107263,D
107264,A
107265,B
107266,B
107267,C
107268,C
107269,D
107270,B
107271,C
107272,A
107273,B
107274,B
107275,C
107276,A
107277,B
107278,A
107279,A
107280,A
107281,B
107282,B
107283,B
107284,C
107285,A
107286,D
107287,B
107288,B
107289,C
107290,B
107291,D
107292,B
107293,B
107294,D
107295,C
107296,C
107297,A
107298,B
107299,D
107300,C
107301,B
107302,A
107303,C
107304,B
107305,C
107306,B
107307,B
107308,D
107309,D
107310,D
107311,B
107312,C
107313,C
107314,D
107315,C
107316,B
107317,D
107318,B
107319,D
107320,C
107321,D
107322,B
107323,A
107324,B
107325,A
107326,A
107327,A
107328,B
107329,C
107330,C
107331,C
107332,B
107333,C
107334,D
107335,D
107336,C
107337,B
107338,D
107339,D
107340,C
107341,C
107342,D
107343,C
107344,B
107345,B
107346,B
107347,A
107348,B
107349,B
107350,B
107351,B
107352,D
107353,B
107354,A
107355,B
107356,A
107357,B
107358,C
107359,D
107360,D
107361,B
107362,D
107363,B
107364,D
107365,D
107366,C
107367,B
107368,D
107369,C
107370,D
107371,D
107372,C
107373,D
107374,D
107375,B
107376,D
107377,C
107378,B
107379,D
107380,A
107381,A
107382,C
107383,A
107384,A
107385,B
107386,C
107387,A
107388,A
107389,C
107390,C
107391,A
107392,C
107393,A
107394,D
107395,C
107396,C
107397,A
107398,A
107399,D
107400,D
107401,B
107402,A
107403,A
107404,B
107405,C
107406,A
107407,A
107408,A
107409,C
107410,D
107411,D
107412,D
107413,C
107414,C
107415,C
107416,B
107417,D
107418,B
107419,A
107420,C
107421,D
107422,B
107423,C
107424,B
107425,A
107426,D
107427,C
107428,D
107429,B
107430,A
107431,C
107432,B
107433,B
107434,A
107435,A
107436,A
107437,A
107438,B
107439,C
107440,B
107441,D
107442,A
107443,B
107444,B
107445,D
107446,C
107447,C
107448,A
107449,B
107450,B
107451,C
107452,D
107453,A
107454,A
107455,B
107456,B
107457,D
107458,D
107459,B
107460,C
107461,A
107462,A
107463,A
107464,D
107465,A
107466,C
107467,C
107468,A
107469,A
107470,C
107471,A
107472,D
107473,C
107474,C
107475,A
107476,C
107477,A
107478,D
107479,C
107480,A
107481,B
107482,C
107483,A
107484,C
107485,A
107486,C
107487,D
107488,D
107489,B
107490,C
107491,C
107492,A
107493,A
107494,B
107495,D
107496,C
107497,A
107498,B
107499,C
107500,C
107501,D
107502,C
107503,B
107504,A
107505,C
107506,C
107507,D
107508,C
107509,C
107510,D
107511,C
107512,C
107513,C
107514,B
107515,C
107516,B
107517,D
107518,B
107519,D
107520,C
107521,D
107522,A
107523,A
107524,C
107525,C
107526,A
107527,A
107528,B
107529,C
107530,A
107531,A
107532,A
107533,C
107534,D
107535,C
107536,D
107537,D
107538,B
107539,B
107540,D
107541,A
107542,B
107543,A
107544,C
107545,C
107546,A
107547,D
107548,D
107549,A
107550,D
107551,D
107552,B
107553,B
107554,B
107555,C
107556,B
107557,A
107558,D
107559,C
107560,D
107561,B
107562,C
107563,B
107564,C
107565,A
107566,A
107567,A
107568,A
107569,B
107570,C
107571,C
107572,D
107573,C
107574,A
107575,A
107576,A
107577,D
107578,B
107579,D
107580,A
107581,A
107582,C
107583,B
107584,A
107585,C
107586,B
107587,A
107588,C
107589,D
107590,D
107591,B
107592,B
107593,A
107594,B
107595,A
107596,D
107597,C
107598,A
107599,C
107600,A
107601,A
107602,A
107603,B
107604,D
107605,A
107606,B
107607,A
107608,A
107609,B
107610,C
107611,C
107612,B
107613,A
107614,C
107615,A
107616,A
107617,D
107618,C
107619,A
107620,C
107621,C
107622,B
107623,D
107624,B
107625,A
107626,B
107627,D
107628,C
107629,C
107630,D
107631,B
107632,A
107633,A
107634,B
107635,D
107636,D
107637,B
107638,B
107639,D
107640,A
107641,D
107642,A
107643,C
107644,D
107645,B
107646,B
107647,A
107648,B
107649,A
107650,C
107651,C
107652,B
107653,D
107654,D
107655,D
107656,D
107657,B
107658,A
107659,B
107660,A
107661,D
107662,A
107663,B
107664,A
107665,C
107666,B
107667,D
107668,B
107669,C
107670,A
107671,A
107672,A
107673,D
107674,C
107675,C
107676,B
107677,A
107678,B
107679,D
107680,C
107681,A
107682,C
107683,B
107684,B
107685,C
107686,D
107687,A
107688,C
107689,C
107690,B
107691,B
107692,B
107693,C
107694,A
107695,D
107696,C
107697,D
107698,A
107699,C
107700,D
107701,B
107702,A
107703,C
107704,A
107705,B
107706,A
107707,C
107708,B
107709,B
107710,B
107711,B
107712,B
107713,B
107714,B
107715,C
107716,D
107717,A
107718,C
107719,D
107720,A
107721,B
107722,D
107723,B
107724,C
107725,B
107726,B
107727,C
107728,C
107729,D
107730,C
107731,C
107732,D
107733,A
107734,D
107735,C
107736,A
107737,B
107738,D
107739,A
107740,B
107741,B
107742,D
107743,A
107744,C
107745,C
107746,B
107747,C
107748,D
107749,B
107750,A
107751,A
107752,A
107753,B
107754,B
107755,A
107756,A
107757,C
107758,A
107759,D
107760,C
107761,D
107762,B
107763,B
107764,D
107765,D
107766,A
107767,B
107768,A
107769,D
107770,C
107771,D
107772,D
107773,A
107774,B
107775,B
107776,A
107777,D
107778,C
107779,A
107780,C
107781,B
107782,A
107783,C
107784,A
107785,B
107786,D
107787,D
107788,A
107789,D
107790,C
107791,D
107792,B
107793,B
107794,C
107795,C
107796,C
107797,A
107798,D
107799,C
107800,D
107801,A
107802,B
107803,D
107804,A
107805,A
107806,A
107807,D
107808,C
107809,C
107810,B
107811,B
107812,A
107813,A
107814,A
107815,D
107816,C
107817,B
107818,B
107819,B
107820,C
107821,B
107822,C
107823,D
107824,D
107825,B
107826,D
107827,B
107828,A
107829,D
107830,A
107831,D
107832,A
107833,B
107834,B
107835,C
107836,C
107837,B
107838,D
107839,B
107840,D
107841,B
107842,D
107843,C
107844,B
107845,C
107846,D
107847,A
107848,B
107849,A
107850,A
107851,B
107852,A
107853,B
107854,B
107855,C
107856,D
107857,D
107858,A
107859,B
107860,D
107861,B
107862,B
107863,B
107864,A
107865,C
107866,A
107867,C
107868,C
107869,C
107870,B
107871,D
107872,A
107873,C
107874,A
107875,A
107876,B
107877,D
107878,D
107879,D
107880,B
107881,A
107882,A
107883,D
107884,D
107885,D
107886,B
107887,B
107888,B
107889,B
107890,C
107891,C
107892,A
107893,A
107894,A
107895,C
107896,A
107897,C
107898,A
107899,C
107900,B
107901,B
107902,D
107903,B
107904,D
107905,C
107906,D
107907,D
107908,A
107909,A
107910,D
107911,D
107912,B
107913,C
107914,A
107915,C
107916,B
107917,B
107918,D
107919,B
107920,A
107921,A
107922,C
107923,C
107924,D
107925,C
107926,A
107927,B
107928,C
107929,B
107930,C
107931,B
107932,D
107933,D
107934,C
107935,A
107936,D
107937,D
107938,A
107939,A
107940,A
107941,A
107942,B
107943,C
107944,A
107945,A
107946,C
107947,B
107948,C
107949,C
107950,A
107951,B
107952,D
107953,B
107954,D
107955,D
107956,D
107957,B
107958,A
107959,A
107960,B
107961,A
107962,A
107963,D
107964,C
107965,C
107966,B
107967,D
107968,B
107969,C
107970,D
107971,A
107972,D
107973,D
107974,D
107975,B
107976,A
107977,C
107978,B
107979,C
107980,C
107981,D
107982,A
107983,D
107984,D
107985,B
107986,A
107987,B
107988,B
107989,B
107990,A
107991,A
107992,B
107993,B
107994,B
107995,A
107996,D
107997,B
107998,C
107999,D
108000,D
108001,D
108002,B
108003,C
108004,D
108005,B
108006,B
108007,A
108008,D
108009,D
108010,B
108011,A
108012,B
108013,D
108014,B
108015,B
108016,B
108017,C
108018,B
108019,B
108020,C
108021,C
108022,D
108023,A
108024,C
108025,B
108026,C
108027,A
108028,A
108029,B
108030,C
108031,D
108032,A
108033,A
108034,A
108035,C
108036,D
108037,D
108038,C
108039,C
108040,B
108041,C
108042,A
108043,A
108044,D
108045,B
108046,A
108047,A
108048,B
108049,D
108050,D
108051,A
108052,C
108053,D
108054,D
108055,D
108056,D
108057,D
108058,D
108059,C
108060,B
108061,B
108062,A
108063,B
108064,C
108065,C
108066,D
108067,D
108068,B
108069,C
108070,C
108071,A
108072,C
108073,A
108074,D
108075,C
108076,B
108077,B
108078,B
108079,C
108080,D
108081,A
108082,C
108083,B
108084,B
108085,D
108086,C
108087,C
108088,B
108089,D
108090,B
108091,D
108092,A
108093,D
108094,A
108095,D
108096,C
108097,B
108098,A
108099,B
108100,B
108101,B
108102,C
108103,B
108104,C
108105,C
108106,D
108107,D
108108,A
108109,C
108110,C
108111,D
108112,C
108113,B
108114,A
108115,C
108116,A
108117,C
108118,B
108119,D
108120,D
108121,B
108122,C
108123,A
108124,A
108125,B
108126,C
108127,C
108128,D
108129,D
108130,D
108131,B
108132,C
108133,C
108134,A
108135,A
108136,D
108137,B
108138,C
108139,A
108140,A
108141,B
108142,D
108143,A
108144,D
108145,D
108146,C
108147,C
108148,C
108149,D
108150,B
108151,C
108152,A
108153,B
108154,B
108155,A
108156,D
108157,C
108158,A
108159,A
108160,B
108161,D
108162,C
108163,D
108164,C
108165,C
108166,B
108167,B
108168,C
108169,C
108170,C
108171,B
108172,D
108173,B
108174,D
108175,D
108176,B
108177,B
108178,C
108179,B
108180,C
108181,C
108182,A
108183,B
108184,D
108185,A
108186,D
108187,D
108188,C
108189,D
108190,C
108191,B
108192,D
108193,B
108194,D
108195,B
108196,A
108197,D
108198,B
108199,D
108200,C
108201,C
108202,D
108203,D
108204,A
108205,C
108206,B
108207,A
108208,A
108209,D
108210,C
108211,D
108212,B
108213,A
108214,D
108215,C
108216,C
108217,B
108218,C
108219,A
108220,A
108221,C
108222,D
108223,A
108224,C
108225,C
108226,D
108227,B
108228,C
108229,D
108230,A
108231,D
108232,A
108233,C
108234,D
108235,D
108236,D
108237,A
108238,D
108239,A
108240,C
108241,C
108242,B
108243,B
108244,D
108245,A
108246,A
108247,C
108248,A
108249,C
108250,B
108251,C
108252,B
108253,C
108254,B
108255,C
108256,C
108257,C
108258,D
108259,B
108260,C
108261,C
108262,C
108263,C
108264,B
108265,B
108266,C
108267,B
108268,C
108269,B
108270,D
108271,B
108272,A
108273,C
108274,C
108275,B
108276,A
108277,B
108278,B
108279,D
108280,C
108281,D
108282,D
108283,B
108284,B
108285,D
108286,A
108287,C
108288,A
108289,C
108290,B
108291,B
108292,D
108293,B
108294,D
108295,A
108296,B
108297,C
108298,D
108299,A
108300,A
108301,D
108302,C
108303,D
108304,A
108305,D
108306,A
108307,D
108308,B
108309,A
108310,A
108311,D
108312,C
108313,C
108314,D
108315,C
108316,A
108317,A
108318,C
108319,A
108320,D
108321,A
108322,A
108323,D
108324,D
108325,A
108326,C
108327,B
108328,D
108329,A
108330,C
108331,C
108332,C
108333,D
108334,D
108335,D
108336,C
108337,C
108338,C
108339,D
108340,C
108341,D
108342,D
108343,A
108344,A
108345,A
108346,B
108347,D
108348,B
108349,C
108350,C
108351,D
108352,B
108353,A
108354,D
108355,B
108356,B
108357,B
108358,D
108359,D
108360,A
108361,C
108362,D
108363,C
108364,A
108365,C
108366,B
108367,C
108368,C
108369,C
108370,B
108371,A
108372,A
108373,A
108374,D
108375,D
108376,A
108377,C
108378,D
108379,C
108380,D
108381,D
108382,D
108383,C
108384,C
108385,D
108386,D
108387,B
108388,B
108389,A
108390,C
108391,C
108392,C
108393,D
108394,C
108395,B
108396,D
108397,D
108398,C
108399,D
108400,D
108401,C
108402,D
108403,B
108404,A
108405,C
108406,A
108407,C
108408,B
108409,D
108410,C
108411,C
108412,B
108413,D
108414,D
108415,A
108416,B
108417,C
108418,D
108419,C
108420,D
108421,B
108422,A
108423,C
108424,B
108425,A
108426,B
108427,A
108428,C
108429,C
108430,A
108431,A
108432,C
108433,B
108434,A
108435,B
108436,B
108437,B
108438,C
108439,D
108440,C
108441,D
108442,D
108443,D
108444,C
108445,A
108446,D
108447,A
108448,C
108449,C
108450,A
108451,C
108452,D
108453,B
108454,D
108455,C
108456,C
108457,D
108458,C
108459,C
108460,D
108461,C
108462,A
108463,D
108464,C
108465,C
108466,D
108467,A
108468,C
108469,A
108470,C
108471,C
108472,C
108473,A
108474,B
108475,D
108476,D
108477,A
108478,D
108479,A
108480,B
108481,A
108482,A
108483,A
108484,A
108485,D
108486,D
108487,C
108488,B
108489,B
108490,A
108491,A
108492,A
108493,D
108494,C
108495,A
108496,C
108497,B
108498,C
108499,A
108500,B
108501,B
108502,A
108503,C
108504,D
108505,A
108506,D
108507,A
108508,D
108509,D
108510,D
108511,C
108512,D
108513,D
108514,A
108515,A
108516,A
108517,C
108518,C
108519,A
108520,D
108521,C
108522,C
108523,A
108524,B
108525,B
108526,B
108527,C
108528,A
108529,B
108530,B
108531,B
108532,B
108533,C
108534,A
108535,B
108536,B
108537,B
108538,B
108539,B
108540,C
108541,C
108542,A
108543,B
108544,D
108545,C
108546,B
108547,C
108548,B
108549,D
108550,C
108551,D
108552,A
108553,B
108554,A
108555,D
108556,D
108557,B
108558,A
108559,D
108560,D
108561,A
108562,B
108563,C
108564,D
108565,D
108566,D
108567,A
108568,D
108569,A
108570,A
108571,D
108572,C
108573,D
108574,D
108575,A
108576,A
108577,D
108578,D
108579,B
108580,B
108581,B
108582,C
108583,D
108584,C
108585,C
108586,B
108587,C
108588,B
108589,C
108590,B
108591,A
108592,A
108593,D
108594,A
108595,A
108596,D
108597,B
108598,B
108599,B
108600,B
108601,C
108602,D
108603,A
108604,A
108605,C
108606,B
108607,D
108608,D
108609,A
108610,A
108611,A
108612,A
108613,C
108614,D
108615,D
108616,C
108617,A
108618,B
108619,C
108620,B
108621,A
108622,C
108623,C
108624,B
108625,A
108626,B
108627,D
108628,A
108629,A
108630,C
108631,B
108632,C
108633,B
108634,C
108635,A
108636,B
108637,B
108638,D
108639,B
108640,D
108641,B
108642,C
108643,A
108644,B
108645,A
108646,A
108647,D
108648,A
108649,D
108650,D
108651,A
108652,A
108653,A
108654,A
108655,C
108656,B
108657,A
108658,B
108659,B
108660,A
108661,A
108662,C
108663,C
108664,A
108665,A
108666,D
108667,C
108668,A
108669,B
108670,D
108671,A
108672,D
108673,A
108674,B
108675,C
108676,D
108677,B
108678,A
108679,C
108680,B
108681,D
108682,B
108683,D
108684,C
108685,B
108686,A
108687,A
108688,B
108689,D
108690,B
108691,C
108692,D
108693,C
108694,C
108695,A
108696,D
108697,C
108698,B
108699,B
108700,C
108701,B
108702,B
108703,D
108704,D
108705,C
108706,D
108707,B
108708,A
108709,B
108710,C
108711,D
108712,B
108713,A
108714,B
108715,B
108716,D
108717,A
108718,D
108719,C
108720,D
108721,C
108722,C
108723,D
108724,C
108725,B
108726,D
108727,A
108728,C
108729,A
108730,C
108731,B
108732,D
108733,B
108734,C
108735,A
108736,B
108737,C
108738,C
108739,C
108740,D
108741,A
108742,D
108743,C
108744,C
108745,A
108746,C
108747,C
108748,A
108749,B
108750,B
108751,D
108752,D
108753,B
108754,D
108755,C
108756,C
108757,A
108758,C
108759,A
108760,B
108761,D
108762,A
108763,D
108764,C
108765,B
108766,C
108767,C
108768,B
108769,D
108770,D
108771,A
108772,C
108773,B
108774,B
108775,A
108776,C
108777,B
108778,D
108779,B
108780,C
108781,D
108782,D
108783,C
108784,C
108785,B
108786,B
108787,D
108788,C
108789,B
108790,D
108791,D
108792,A
108793,C
108794,C
108795,D
108796,D
108797,B
108798,C
108799,D
108800,B
108801,A
108802,B
108803,C
108804,B
108805,D
108806,D
108807,C
108808,D
108809,D
108810,D
108811,B
108812,A
108813,D
108814,A
108815,D
108816,D
108817,A
108818,D
108819,B
108820,B
108821,C
108822,C
108823,D
108824,A
108825,A
108826,D
108827,A
108828,C
108829,D
108830,C
108831,D
108832,B
108833,D
108834,C
108835,D
108836,D
108837,A
108838,D
108839,B
108840,A
108841,C
108842,B
108843,D
108844,C
108845,C
108846,A
108847,C
108848,D
108849,A
108850,A
108851,A
108852,D
108853,A
108854,B
108855,D
108856,A
108857,D
108858,D
108859,B
108860,D
108861,D
108862,D
108863,A
108864,C
108865,D
108866,A
108867,B
108868,B
108869,C
108870,D
108871,A
108872,C
108873,A
108874,B
108875,D
108876,D
108877,A
108878,D
108879,A
108880,B
108881,B
108882,A
108883,D
108884,C
108885,B
108886,C
108887,D
108888,D
108889,C
108890,D
108891,C
108892,D
108893,A
108894,D
108895,C
108896,D
108897,A
108898,A
108899,C
108900,A
108901,B
108902,A
108903,D
108904,D
108905,D
108906,C
108907,A
108908,C
108909,A
108910,A
108911,B
108912,A
108913,B
108914,D
108915,B
108916,C
108917,C
108918,B
108919,D
108920,C
108921,D
108922,B
108923,A
108924,C
108925,C
108926,B
108927,C
108928,B
108929,A
108930,C
108931,C
108932,D
108933,B
108934,C
108935,B
108936,D
108937,C
108938,C
108939,D
108940,B
108941,B
108942,D
108943,D
108944,B
108945,A
108946,A
108947,A
108948,C
108949,C
108950,A
108951,A
108952,C
108953,A
108954,B
108955,C
108956,A
108957,B
108958,A
108959,D
108960,D
108961,A
108962,D
108963,D
108964,C
108965,B
108966,A
108967,A
108968,D
108969,A
108970,A
108971,C
108972,C
108973,B
108974,D
108975,D
108976,B
108977,D
108978,C
108979,C
108980,D
108981,A
108982,C
108983,A
108984,C
108985,B
108986,B
108987,C
108988,A
108989,B
108990,A
108991,D
108992,D
108993,B
108994,A
108995,B
108996,A
108997,B
108998,A
108999,C
109000,C
109001,B
109002,C
109003,D
109004,D
109005,D
109006,A
109007,D
109008,C
109009,B
109010,A
109011,C
109012,C
109013,D
109014,D
109015,A
109016,C
109017,C
109018,C
109019,C
109020,B
109021,B
109022,D
109023,B
109024,A
109025,C
109026,C
109027,B
109028,C
109029,C
109030,D
109031,A
109032,A
109033,C
109034,D
109035,C
109036,D
109037,A
109038,C
109039,D
109040,C
109041,C
109042,A
109043,D
109044,C
109045,C
109046,D
109047,B
109048,B
109049,D
109050,C
109051,B
109052,C
109053,A
109054,A
109055,A
109056,B
109057,D
109058,D
109059,A
109060,B
109061,D
109062,D
109063,B
109064,C
109065,C
109066,D
109067,B
109068,A
109069,D
109070,B
109071,C
109072,B
109073,B
109074,B
109075,D
109076,D
109077,D
109078,A
109079,D
109080,D
109081,D
109082,D
109083,B
109084,D
109085,D
109086,D
109087,A
109088,B
109089,C
109090,A
109091,D
109092,D
109093,D
109094,B
109095,C
109096,B
109097,C
109098,A
109099,A
109100,C
109101,C
109102,A
109103,A
109104,C
109105,C
109106,D
109107,C
109108,B
109109,A
109110,C
109111,D
109112,D
109113,B
109114,C
109115,B
109116,C
109117,A
109118,B
109119,B
109120,C
109121,B
109122,D
109123,D
109124,C
109125,B
109126,D
109127,D
109128,B
109129,D
109130,B
109131,A
109132,A
109133,A
109134,C
109135,D
109136,D
109137,B
109138,A
109139,C
109140,A
109141,C
109142,D
109143,D
109144,C
109145,A
109146,B
109147,C
109148,B
109149,A
109150,B
109151,C
109152,B
109153,D
109154,D
109155,D
109156,D
109157,B
109158,A
109159,B
109160,B
109161,B
109162,D
109163,B
109164,D
109165,D
109166,A
109167,B
109168,C
109169,C
109170,D
109171,A
109172,C
109173,A
109174,B
109175,A
109176,A
109177,A
109178,C
109179,D
109180,C
109181,B
109182,B
109183,D
109184,B
109185,B
109186,B
109187,A
109188,C
109189,B
109190,B
109191,C
109192,D
109193,D
109194,B
109195,B
109196,D
109197,C
109198,B
109199,B
109200,A
109201,D
109202,C
109203,C
109204,A
109205,B
109206,B
109207,B
109208,B
109209,D
109210,D
109211,A
109212,B
109213,A
109214,A
109215,B
109216,A
109217,A
109218,A
109219,D
109220,B
109221,A
109222,D
109223,B
109224,B
109225,D
109226,C
109227,B
109228,C
109229,D
109230,D
109231,C
109232,D
109233,C
109234,B
109235,A
109236,A
109237,C
109238,D
109239,B
109240,B
109241,A
109242,B
109243,B
109244,C
109245,A
109246,B
109247,A
109248,B
109249,B
109250,B
109251,D
109252,A
109253,B
109254,A
109255,B
109256,D
109257,D
109258,D
109259,B
109260,B
109261,D
109262,A
109263,A
109264,C
109265,A
109266,C
109267,C
109268,D
109269,D
109270,B
109271,B
109272,D
109273,B
109274,C
109275,D
109276,B
109277,B
109278,C
109279,D
109280,C
109281,A
109282,D
109283,D
109284,C
109285,B
109286,B
109287,B
109288,D
109289,D
109290,D
109291,A
109292,B
109293,D
109294,C
109295,A
109296,A
109297,D
109298,D
109299,D
109300,A
109301,A
109302,C
109303,C
109304,B
109305,B
109306,A
109307,D
109308,A
109309,B
109310,A
109311,A
109312,D
109313,B
109314,B
109315,B
109316,C
109317,A
109318,C
109319,D
109320,C
109321,D
109322,A
109323,B
109324,B
109325,B
109326,B
109327,D
109328,C
109329,B
109330,B
109331,C
109332,D
109333,B
109334,A
109335,A
109336,A
109337,B
109338,A
109339,D
109340,B
109341,C
109342,C
109343,C
109344,B
109345,A
109346,D
109347,A
109348,A
109349,B
109350,B
109351,A
109352,A
109353,A
109354,A
109355,B
109356,C
109357,C
109358,D
109359,C
109360,A
109361,B
109362,C
109363,A
109364,B
109365,C
109366,B
109367,B
109368,C
109369,C
109370,B
109371,D
109372,A
109373,A
109374,C
109375,D
109376,A
109377,C
109378,B
109379,D
109380,C
109381,A
109382,B
109383,C
109384,A
109385,B
109386,C
109387,A
109388,B
109389,B
109390,C
109391,A
109392,D
109393,D
109394,C
109395,C
109396,A
109397,D
109398,D
109399,A
109400,C
109401,A
109402,C
109403,B
109404,B
109405,B
109406,C
109407,B
109408,C
109409,B
109410,A
109411,B
109412,A
109413,A
109414,D
109415,B
109416,A
109417,B
109418,B
109419,B
109420,B
109421,D
109422,B
109423,A
109424,D
109425,A
109426,D
109427,A
109428,B
109429,A
109430,B
109431,D
109432,D
109433,A
109434,D
109435,A
109436,D
109437,B
109438,C
109439,A
109440,D
109441,D
109442,C
109443,B
109444,C
109445,C
109446,B
109447,C
109448,B
109449,D
109450,D
109451,A
109452,C
109453,A
109454,B
109455,C
109456,A
109457,D
109458,B
109459,B
109460,A
109461,D
109462,B
109463,B
109464,C
109465,C
109466,D
109467,D
109468,A
109469,B
109470,B
109471,A
109472,C
109473,B
109474,B
109475,D
109476,A
109477,C
109478,C
109479,B
109480,C
109481,C
109482,C
109483,C
109484,C
109485,D
109486,A
109487,B
109488,A
109489,A
109490,B
109491,A
109492,A
109493,A
109494,D
109495,B
109496,A
109497,C
109498,C
109499,B
109500,C
109501,C
109502,B
109503,D
109504,C
109505,D
109506,C
109507,B
109508,C
109509,A
109510,B
109511,C
109512,D
109513,B
109514,A
109515,A
109516,D
109517,B
109518,A
109519,D
109520,C
109521,A
109522,D
109523,C
109524,D
109525,C
109526,B
109527,C
109528,B
109529,A
109530,D
109531,C
109532,B
109533,C
109534,D
109535,A
109536,D
109537,A
109538,D
109539,B
109540,A
109541,C
109542,C
109543,D
109544,C
109545,C
109546,D
109547,C
109548,B
109549,D
109550,B
109551,B
109552,C
109553,C
109554,B
109555,A
109556,B
109557,B
109558,D
109559,A
109560,B
109561,A
109562,A
109563,D
109564,B
109565,D
109566,C
109567,A
109568,C
109569,C
109570,C
109571,D
109572,D
109573,A
109574,C
109575,C
109576,A
109577,B
109578,B
109579,D
109580,A
109581,C
109582,A
109583,A
109584,A
109585,D
109586,B
109587,C
109588,B
109589,C
109590,D
109591,C
109592,A
109593,B
109594,B
109595,A
109596,B
109597,A
109598,A
109599,D
109600,A
109601,B
109602,A
109603,A
109604,B
109605,A
109606,A
109607,B
109608,B
109609,A
109610,D
109611,C
109612,C
109613,A
109614,C
109615,D
109616,B
109617,A
109618,C
109619,A
109620,A
109621,B
109622,B
109623,A
109624,D
109625,B
109626,B
109627,D
109628,B
109629,D
109630,B
109631,D
109632,B
109633,A
109634,D
109635,A
109636,C
109637,B
109638,C
109639,B
109640,D
109641,B
109642,A
109643,C
109644,D
109645,B
109646,D
109647,B
109648,C
109649,A
109650,C
109651,D
109652,A
109653,A
109654,D
109655,D
109656,B
109657,B
109658,A
109659,B
109660,D
109661,A
109662,B
109663,A
109664,A
109665,D
109666,B
109667,C
109668,D
109669,D
109670,D
109671,B
109672,C
109673,D
109674,D
109675,C
109676,D
109677,C
109678,C
109679,C
109680,D
109681,A
109682,C
109683,A
109684,C
109685,A
109686,C
109687,D
109688,A
109689,C
109690,C
109691,D
109692,D
109693,D
109694,B
109695,B
109696,C
109697,D
109698,B
109699,A
109700,C
109701,A
109702,C
109703,A
109704,B
109705,C
109706,A
109707,C
109708,C
109709,D
109710,B
109711,C
109712,C
109713,C
109714,C
109715,A
109716,D
109717,D
109718,C
109719,D
109720,A
109721,B
109722,B
109723,C
109724,A
109725,C
109726,C
109727,C
109728,D
109729,A
109730,B
109731,B
109732,D
109733,B
109734,C
109735,D
109736,A
109737,B
109738,B
109739,D
109740,A
109741,B
109742,A
109743,A
109744,A
109745,D
109746,D
109747,A
109748,D
109749,C
109750,C
109751,D
109752,B
109753,C
109754,A
109755,B
109756,A
109757,B
109758,B
109759,C
109760,D
109761,C
109762,A
109763,B
109764,D
109765,D
109766,A
109767,B
109768,C
109769,A
109770,C
109771,C
109772,A
109773,C
109774,B
109775,A
109776,D
109777,D
109778,A
109779,B
109780,C
109781,B
109782,C
109783,A
109784,A
109785,A
109786,B
109787,D
109788,C
109789,C
109790,C
109791,A
109792,B
109793,B
109794,C
109795,C
109796,C
109797,D
109798,C
109799,D
109800,B
109801,B
109802,D
109803,A
109804,C
109805,D
109806,C
109807,A
109808,B
109809,D
109810,A
109811,D
109812,D
109813,D
109814,A
109815,B
109816,D
109817,B
109818,A
109819,D
109820,A
109821,C
109822,D
109823,A
109824,D
109825,B
109826,D
109827,C
109828,C
109829,B
109830,B
109831,A
109832,C
109833,B
109834,B
109835,D
109836,B
109837,B
109838,A
109839,B
109840,B
109841,D
109842,D
109843,A
109844,D
109845,C
109846,A
109847,B
109848,B
109849,C
109850,A
109851,D
109852,A
109853,A
109854,C
109855,A
109856,C
109857,C
109858,D
109859,B
109860,A
109861,C
109862,C
109863,A
109864,B
109865,D
109866,B
109867,C
109868,A
109869,B
109870,D
109871,B
109872,A
109873,A
109874,D
109875,A
109876,C
109877,B
109878,C
109879,B
109880,C
109881,A
109882,B
109883,A
109884,A
109885,A
109886,A
109887,D
109888,C
109889,D
109890,C
109891,A
109892,C
109893,B
109894,D
109895,B
109896,C
109897,C
109898,A
109899,D
109900,D
109901,B
109902,A
109903,C
109904,D
109905,A
109906,D
109907,D
109908,D
109909,B
109910,D
109911,B
109912,C
109913,D
109914,D
109915,D
109916,A
109917,A
109918,C
109919,C
109920,D
109921,C
109922,A
109923,D
109924,D
109925,A
109926,D
109927,A
109928,C
109929,D
109930,C
109931,C
109932,D
109933,A
109934,A
109935,D
109936,C
109937,D
109938,B
109939,D
109940,C
109941,D
109942,A
109943,C
109944,B
109945,C
109946,A
109947,B
109948,D
109949,D
109950,C
109951,A
109952,A
109953,D
109954,A
109955,A
109956,D
109957,B
109958,B
109959,D
109960,A
109961,D
109962,D
109963,C
109964,C
109965,D
109966,C
109967,A
109968,D
109969,B
109970,A
109971,C
109972,A
109973,D
109974,A
109975,C
109976,D
109977,C
109978,C
109979,B
109980,A
109981,B
109982,D
109983,D
109984,B
109985,C
109986,A
109987,A
109988,C
109989,B
109990,B
109991,C
109992,D
109993,B
109994,C
109995,A
109996,B
109997,B
109998,D
109999,D
110000,C
110001,D
110002,C
110003,C
110004,B
110005,C
110006,A
110007,B
110008,C
110009,A
110010,D
110011,A
110012,D
110013,C
110014,C
110015,D
110016,D
110017,C
110018,A
110019,B
110020,D
110021,B
110022,D
110023,A
110024,A
110025,D
110026,D
110027,C
110028,B
110029,D
110030,D
110031,B
110032,B
110033,B
110034,D
110035,D
110036,D
110037,A
110038,A
110039,C
110040,D
110041,A
110042,C
110043,A
110044,B
110045,D
110046,B
110047,D
110048,D
110049,C
110050,D
110051,B
110052,B
110053,C
110054,B
110055,C
110056,A
110057,B
110058,D
110059,B
110060,B
110061,C
110062,D
110063,D
110064,D
110065,A
110066,A
110067,D
110068,A
110069,C
110070,D
110071,A
110072,C
110073,B
110074,D
110075,C
110076,C
110077,C
110078,A
110079,B
110080,A
110081,C
110082,A
110083,D
110084,D
110085,B
110086,A
110087,B
110088,B
110089,C
110090,D
110091,B
110092,C
110093,A
110094,D
110095,B
110096,A
110097,B
110098,B
110099,A
110100,A
110101,A
110102,B
110103,C
110104,A
110105,D
110106,A
110107,C
110108,D
110109,A
110110,D
110111,D
110112,C
110113,D
110114,D
110115,D
110116,C
110117,A
110118,B
110119,C
110120,C
110121,A
110122,C
110123,A
110124,A
110125,D
110126,D
110127,C
110128,B
110129,A
110130,A
110131,C
110132,C
110133,A
110134,B
110135,C
110136,B
110137,B
110138,C
110139,D
110140,B
110141,D
110142,C
110143,A
110144,C
110145,A
110146,B
110147,C
110148,C
110149,B
110150,A
110151,D
110152,A
110153,A
110154,A
110155,A
110156,C
110157,C
110158,A
110159,B
110160,D
110161,C
110162,C
110163,C
110164,A
110165,C
110166,C
110167,A
110168,A
110169,C
110170,A
110171,C
110172,B
110173,C
110174,C
110175,C
110176,A
110177,A
110178,A
110179,A
110180,B
110181,D
110182,C
110183,B
110184,A
110185,B
110186,C
110187,C
110188,C
110189,B
110190,B
110191,A
110192,D
110193,C
110194,D
110195,A
110196,D
110197,C
110198,C
110199,C
110200,A
110201,B
110202,B
110203,B
110204,A
110205,C
110206,A
110207,B
110208,A
110209,B
110210,A
110211,C
110212,A
110213,D
110214,C
110215,D
110216,B
110217,B
110218,A
110219,A
110220,C
110221,D
110222,C
110223,B
110224,D
110225,A
110226,A
110227,B
110228,D
110229,B
110230,C
110231,A
110232,D
110233,A
110234,C
110235,C
110236,A
110237,A
110238,A
110239,D
110240,C
110241,D
110242,A
110243,B
110244,C
110245,A
110246,B
110247,A
110248,C
110249,A
110250,D
110251,D
110252,C
110253,B
110254,A
110255,C
110256,C
110257,A
110258,B
110259,C
110260,D
110261,B
110262,B
110263,C
110264,A
110265,D
110266,A
110267,C
110268,C
110269,C
110270,A
110271,C
110272,A
110273,A
110274,A
110275,C
110276,A
110277,C
110278,C
110279,C
110280,D
110281,A
110282,B
110283,C
110284,A
110285,A
110286,D
110287,A
110288,C
110289,B
110290,D
110291,B
110292,A
110293,B
110294,B
110295,D
110296,D
110297,D
110298,B
110299,C
110300,B
110301,A
110302,A
110303,D
110304,A
110305,A
110306,C
110307,B
110308,D
110309,B
110310,C
110311,C
110312,D
110313,A
110314,B
110315,A
110316,C
110317,B
110318,C
110319,A
110320,B
110321,B
110322,C
110323,B
110324,D
110325,B
110326,B
110327,D
110328,B
110329,B
110330,C
110331,B
110332,C
110333,D
110334,B
110335,D
110336,B
110337,D
110338,A
110339,A
110340,D
110341,C
110342,C
110343,C
110344,D
110345,D
110346,A
110347,C
110348,D
110349,A
110350,B
110351,A
110352,A
110353,D
110354,B
110355,A
110356,C
110357,D
110358,B
110359,A
110360,A
110361,A
110362,C
110363,D
110364,D
110365,D
110366,D
110367,B
110368,D
110369,D
110370,A
110371,A
110372,D
110373,A
110374,B
110375,C
110376,C
110377,D
110378,A
110379,B
110380,B
110381,B
110382,D
110383,C
110384,D
110385,D
110386,D
110387,C
110388,A
110389,D
110390,A
110391,A
110392,C
110393,A
110394,B
110395,D
110396,B
110397,C
110398,B
110399,B
110400,B
110401,B
110402,A
110403,A
110404,D
110405,A
110406,C
110407,C
110408,D
110409,A
110410,D
110411,C
110412,B
110413,B
110414,B
110415,C
110416,A
110417,A
110418,D
110419,B
110420,D
110421,C
110422,D
110423,B
110424,D
110425,B
110426,C
110427,B
110428,B
110429,A
110430,A
110431,D
110432,A
110433,C
110434,B
110435,B
110436,B
110437,A
110438,A
110439,A
110440,B
110441,B
110442,B
110443,D
110444,A
110445,A
110446,A
110447,C
110448,A
110449,C
110450,A
110451,D
110452,A
110453,A
110454,D
110455,A
110456,D
110457,C
110458,B
110459,D
110460,D
110461,B
110462,A
110463,A
110464,A
110465,A
110466,B
110467,C
110468,C
110469,C
110470,B
110471,B
110472,D
110473,D
110474,D
110475,A
110476,C
110477,A
110478,C
110479,A
110480,A
110481,B
110482,A
110483,A
110484,D
110485,B
110486,C
110487,A
110488,D
110489,C
110490,A
110491,D
110492,C
110493,D
110494,D
110495,A
110496,C
110497,B
110498,C
110499,D
110500,D
110501,D
110502,A
110503,C
110504,B
110505,D
110506,D
110507,A
110508,D
110509,D
110510,A
110511,C
110512,B
110513,A
110514,A
110515,D
110516,C
110517,D
110518,B
110519,C
110520,D
110521,D
110522,A
110523,B
110524,A
110525,C
110526,A
110527,D
110528,D
110529,A
110530,C
110531,B
110532,A
110533,B
110534,D
110535,A
110536,A
110537,D
110538,A
110539,B
110540,C
110541,A
110542,D
110543,C
110544,C
110545,B
110546,B
110547,A
110548,B
110549,B
110550,B
110551,D
110552,B
110553,B
110554,C
110555,A
110556,D
110557,B
110558,B
110559,D
110560,D
110561,D
110562,C
110563,D
110564,A
110565,C
110566,A
110567,C
110568,C
110569,D
110570,A
110571,B
110572,B
110573,A
110574,A
110575,C
110576,D
110577,B
110578,D
110579,A
110580,A
110581,A
110582,D
110583,B
110584,A
110585,B
110586,D
110587,D
110588,C
110589,C
110590,A
110591,C
110592,D
110593,C
110594,C
110595,A
110596,D
110597,A
110598,A
110599,B
110600,C
110601,B
110602,B
110603,D
110604,A
110605,D
110606,D
110607,A
110608,D
110609,B
110610,D
110611,A
110612,D
110613,B
110614,A
110615,D
110616,D
110617,B
110618,D
110619,A
110620,D
110621,C
110622,C
110623,B
110624,A
110625,D
110626,A
110627,B
110628,A
110629,A
110630,C
110631,B
110632,C